I Heard You Paint Houses,11
No One Is Too Small To Make A Difference,18
Sapiens,220
Just Mercy,312
Born A Crime,230
The Body Keeps The Score,315
Why We Sleep,53
Outliers,375
"Thinking, Fast and Slow",410
Killers of the Flower Moon,187
The Soul of an Octopus,4
The Library Book,18
The Fifth Risk,14
Calypso,31
Shoe Dog,44
The War on Normal People,2
How To Change Your Mind,24
White Fragility,156
Empire of the Summer Moon,72
Grit,151
Being Mortal,130
Hillbilly Elegy,105
To Shake the Sleeping Self,7
Braiding Sweetgrass,238
The New Jim Crow,223
Bad Blood,21
Midnight in Chernobyl,7
On Tyranny,94
Say Nothing,14
Barracoon,10
Winners Take All,2
Women Rowing North,10
Chesapeake Requiem,4
"Thiking, Fast and Slow",0
The Great Influenza,17
Maid,24
"Wow, No Thank You",8
A Woman of No Importance,17
Unorthodox,10
Leadership,5
The Spy and the Traitor,14
The Pioneers,20
21 Lessons for the 21st Century,9
So You Want to Talk About Race,38
The Color of Law,51
Stamped from the Beginning,23
Why Are All the Black Kids Sitting Together in the Cafeteria?,12
Raising White Kids,2
White Rage,6
Waking Up White,3
Eloquent Rage,1
My Grandmother's Hands,29
The Color of Compromise,4
Why I'm No Longer Talking to White People About Race,2
The Warmth of Other Suns,77
I'll Be Gone in the Dark,19
Alexander Hamilton,119
The Yellow House,3
Walking with the Wind,3
Intimations,2
Across That Bridge,2
The Truths We Hold,34
So You Want to Talk About,38
Our Malady,1
Know My Name,4
Fear,18
My Own Words,32
Ruth Bader Ginsburg: A Life,1
What Unites Us,11
Shade,14
The Soul of America,19
Conversations with RBG,1
Lead From the Outside,14
"Promise Me, Dad",11
No One Asked For This,1
Dreams From My Father,157
Edison,3
How To Do Nothing,1
The Power of Habit,131
The Body,315
Nomadland,14
We Do This 'Til We Free Us,2
All About Love,134
Hood Feminism,13
Becoming,29
Hidden Valley Road,8
The Choice,13
Front Row at the Trump Show,5
Minor Feelings,9
Leaving Isn't The Hardest Thing,2
Press Reset,1
Countdown 1945,5
The Hundred Years' War on Palestine,40
The Burning,7
Jesus and John Wayne,3
The Price We Pay,1
High on the Hog,1
Hoax,10
The Glass Castle,502
The Other Wes Moore,47
The Beauty in Breaking,5
How to Change Your Mind,24
Kitchen Confidential,84
The Color of the Law,0
Agent Sonya,7
Nudge: The Final Edition,9
The Immortal Life of Henrietta Lacks,235
The Sisters of Auschwitz,14
The Deepest South of All,5
The Best of Me,16
The Only Plane in the Sky,3
The Dressmakers of Auschwitz,25
Regeneration,2
Talking to Strangers,122
The Last Days of John Lennon,13
The Greatest Beer Run Ever,24
The Last Duel,5
Eleanor,85
It Worked For Me,8
The House of Gucci,20
Homo Deus,6
Based on a True Story,2
Entangled Life,6
An Indigenous Peoples' History of the United States,1
Is This Anything?,13
Humankind,1
The Year of Magical Thinking,7
The Three Mothers,4
Blue Nights,3
The Devil in the White City,382
Quiet,181
The Tender Bar,1
The Chiffon Trenches,2
All That She Carried,6
Let Me Tell You What I Mean,2
Educated,90
The Sum of Us,9
The Splendid and the Vile,42
My Friend Anna,3
Madhouse at the End of the Earth,6
Between Two Kingdoms,19
The Gates of Europe,5
Endurance,10
Red Famine,2
Blood and Treasure,6
The Road to Unfreedom,2
Pandora's Jar,5
The Premonition,13
Red Notice,11
Women in White Coats,3
Bloodlands,2
Under the Banner of Heaven,11
Putin's People,1
The Code Breaker,8
Lily's Promise,4
Walk in My Combat Boots,9
Patriarchy Blues,1
The Bomber Mafia,32
This is Your Mind on Plants,9
Finding the Mother Tree,2
Fuzz,11
The Daughter of Auschwitz,7
That Bird Has My Wings,2
Vanderbilt,7
Acid For The Children,3
Getting Lost,1
A Carnival of Snackery,10
Ejaculate Responsibly,3
Empire of Pain,5
From Scratch,5
How Y'all Doing?,2
The President and the Freedom Fighter,9
All About Me!,9
White Women,1
These Precious Days,10
Devotion,5
